{"cameraMode":{"drawMode":0,"name":"Shaded","section":"Shading Mode"},"sceneLighting":true,"audioPlay":false,"sceneViewState":{"m_AlwaysRefresh":false,"showFog":true,"showSkybox":true,"showFlares":true,"showImageEffects":true,"showParticleSystems":true,"showVisualEffectGraphs":true,"m_FxEnabled":true},"in2DMode":false,"pivot":{"x":68.72817993164063,"y":40.69567108154297,"z":48.386634826660159},"rotation":{"x":0.010628856718540192,"y":0.9903984665870667,"z":0.11238235980272293,"w":-0.08211367577314377},"size":51.51995849609375,"orthographic":false}