{"cameraMode":{"drawMode":0,"name":"Shaded","section":"Shading Mode"},"sceneLighting":true,"audioPlay":false,"sceneViewState":{"m_AlwaysRefresh":false,"showFog":true,"showSkybox":true,"showFlares":true,"showImageEffects":true,"showParticleSystems":true,"showVisualEffectGraphs":true,"m_FxEnabled":true},"in2DMode":false,"pivot":{"x":7.892981052398682,"y":1.5341088771820069,"z":7.2282023429870609},"rotation":{"x":-0.20882128179073335,"y":0.36151018738746645,"z":-0.08343015611171723,"w":-0.9048475027084351},"size":3.761993885040283,"orthographic":false}